{
    "modelled_TBR": {
        "mean": 0.0008337512821171342,
        "std_dev": 2.544477340316224e-05
    }
}