{
    "modelled_TBR": {
        "mean": 0.004427431230538334,
        "std_dev": 4.613032463920538e-05
    }
}