{
    "modelled_TBR": {
        "mean": 0.004424059185948024,
        "std_dev": 4.759443945234387e-05
    }
}